Model,Developer,Release date,Android version at release,Ref.
Asus PadFone,Asus,2012/06,"Android 4.0 ""Ice Cream Sandwich""",[1]
Asus PadFone 2,Asus,2012/10,"Android 4.0 ""Ice Cream Sandwich""",[2]
Asus PadFone Infinity,Asus,2013/04,"Android 4.1 ""Jelly Bean""",[3]
Asus PadFone Infinity 2,Asus,2013/10,"Android 4.1 ""Jelly Bean""",[4]
Asus PadFone mini,Asus,2013/12,"Android 4.1 ""Jelly Bean""",[5]
Asus PadFone E,Asus,2014/01,"Android 4.1 ""Jelly Bean""",[6]
Asus PadFone Infinity Lite,Asus,2014/02,"Android 4.1 ""Jelly Bean""",[7]
Asus ZenFone 5 (2014),Asus,2014/04,"Android 4.1 ""Jelly Bean""",[8]
Asus ZenFone 4 (2014),Asus,2014/05,"Android 4.1 ""Jelly Bean""",[9]
Asus ZenFone 6 (2014),Asus,2014/05,"Android 4.1 ""Jelly Bean""",[10]
Asus PadFone S/X,Asus,2014/06,"Android 4.4 ""KitKat""",[11][12]
Asus ZenFone 4.5 (2014),Asus,2014/07,"Android 4.4 ""KitKat""",[13]
Asus ZenFone 5 (2014),Asus,2014/07,"Android 4.4 ""KitKat""",[14]
Asus PadFone X mini,Asus,2014/10,"Android 4.4 ""KitKat""",[15]
Asus Pegasus (X002),Asus,2014/12,"Android 4.4 ""KitKat""",[16]
Asus ZenFone 5 (2015),Asus,2015/01,"Android 4.1 ""Jelly Bean""",[17]
Asus ZenFone 2,Asus,2015/03,"Android 5.0 ""Lollipop""",[18][19][20]
Asus ZenFone 3,Asus,2016/08,"Android 6.0 ""Marshmallow""",[21][22]
Asus ZenFone 4,Asus,2017/10,"Android 7.0 ""Nougat""",[23]
Asus ZenFone Max Plus M1,Asus,2017/11,"Android 7.0 ""Nougat""",[24]
Asus ZenFone Max M1,Asus,2018/05,"Android 8.0 ""Oreo""",[25][26]
Asus ZenFone Max Pro M1,Asus,2018/05,"Android 8.0 ""Oreo""",[27]
Asus ZenFone 5,Asus,2018/05,"Android 8.0 ""Oreo""",[28]
Asus ZenFone Live L1,Asus,2018/05,"Android 8.0 ""Oreo""",[29]
Asus ROG Phone,Asus,2018/10,"Android 8.0 ""Oreo""",[30]
Asus ZenFone Lite L1,Asus,2018/10,"Android 8.0 ""Oreo""",[31]
Asus ZenFone Max M2,Asus,2018/12,"Android 9.0 ""Pie""",[32]
Asus ZenFone Max Pro M2,Asus,2018/12,"Android 9.0 ""Pie""",[33]
Asus ZenFone Max Shot,Asus,2019/03,"Android 8.0 ""Oreo""",[34]
Asus ZenFone Max Plus M2,Asus,2019/03,"Android 8.0 ""Oreo""",[35]
Asus ZenFone Live L2,Asus,2019/05,"Android 8.0 ""Oreo""",[36]
Asus ZenFone 6,Asus,2019/05,"Android 9.0 ""Pie""",[37]
Asus ROG Phone II,Asus,2019/09,"Android 9.0 ""Pie""",[38]
Asus ROG Phone 3,Asus,2020/08,Android 10,[39][40]
Asus ZenFone 7,Asus,2020/09,Android 10,[41][42]

Model,Developer,Release date,Android version at release,Ref.
BlackBerry Priv,BlackBerry Limited,2015/11,"Android 5.0 ""Lollipop""",[43]
BlackBerry DTEK50,BlackBerry Limited,2016/08,"Android 6.0 ""Marshmallow""",[44]
BlackBerry DTEK60,BlackBerry Limited,2016/10,"Android 6.0 ""Marshmallow""",[45]
BlackBerry Aurora,BlackBerry Mobile,2017/03,"Android 7.0 ""Nougat""",[46]
BlackBerry KeyOne,BlackBerry Mobile,2017/04,"Android 7.0 ""Nougat""",[47]
BlackBerry Motion,BlackBerry Mobile,2017/12,"Android 7.0 ""Nougat""",[48]
BlackBerry Key2,BlackBerry Mobile,2018/06,"Android 8.0 ""Oreo""",[49]
BlackBerry Evolve/X,BlackBerry Mobile,2018/08,"Android 8.0 ""Oreo""",[50][51]
BlackBerry Key2 LE,BlackBerry Mobile,2018/10,"Android 8.0 ""Oreo""",[52]

Model,Developer,Release date,Android version at release,Ref.
Essential PH-1,Essential Products,2017/08,"Android 7.0 ""Nougat""",[53]

Model,Developer,Release date,Android version at release,Ref.
HTC Dream,HTC,2008/09,Android 1.0,[54]
HTC Magic,HTC,2009/05,"Android 1.6 ""Donut""",[55]
HTC Hero,HTC,2009/07,"Android 1.5 ""Cupcake""",[56]
HTC Tattoo,HTC,2009/09,"Android 1.6 ""Donut""",[57]
HTC Desire,HTC,2010/02,"Android 2.0 ""Eclair""",[58]
HTC Legend,HTC,2010/03,"Android 2.0 ""Eclair""",[59]
HTC Droid Incredible,HTC,2010/04,"Android 2.0 ""Eclair""",[60]
HTC Wildfire,HTC,2010/05,"Android 2.0 ""Eclair""",[61]
HTC Aria,HTC,2010/06,"Android 2.0 ""Eclair""",[62]
HTC Evo 4G,HTC,2010/06,"Android 2.0 ""Eclair""",[63]
HTC Desire HD,HTC,2010/10,"Android 2.2 ""Froyo""",[64]
HTC Desire Z,HTC,2010/11,"Android 2.2 ""Froyo""",[65]
HTC Evo Shift 4G,HTC,2011/01,"Android 2.2 ""Froyo""",[66]
HTC Inspire 4G,HTC,2011/02,"Android 2.2 ""Froyo""",[67]
HTC Incredible S,HTC,2011/02,"Android 2.2 ""Froyo""",[68]
HTC ThunderBolt,HTC,2011/03,"Android 2.2 ""Froyo""",[69]
HTC Desire S,HTC,2011/03,"Android 2.3 ""Gingerbread""",[70]
HTC Sensation,HTC,2011/05,"Android 2.3 ""Gingerbread""",[71]
HTC Wildfire S,HTC,2011/05,"Android 2.3 ""Gingerbread""",[72]
HTC ChaCha,HTC,2011/06,"Android 2.3 ""Gingerbread""",[73]
HTC Salsa,HTC,2011/06,"Android 2.3 ""Gingerbread""",[74]
HTC Evo 3D,HTC,2011/07,"Android 2.3 ""Gingerbread""",[75]
HTC Amaze 4G,HTC,2011/10,"Android 2.3 ""Gingerbread""",[76]
HTC Explorer,HTC,2011/10,"Android 2.3 ""Gingerbread""",[77]
HTC Raider 4G,HTC,2011/10,"Android 2.3 ""Gingerbread""",[78]
HTC Evo Design 4G,HTC,2011/10,"Android 2.3 ""Gingerbread""",[79]
HTC Rezound,HTC,2011/11,"Android 2.3 ""Gingerbread""",[80]
HTC One S,HTC,2012/04,"Android 4.0 ""Ice Cream Sandwich""",[81]
HTC One V,HTC,2012/04,"Android 4.0 ""Ice Cream Sandwich""",[82]
HTC One X,HTC,2012/05,"Android 4.0 ""Ice Cream Sandwich""",[83]
HTC Evo 4G LTE,HTC,2012/05,"Android 4.0 ""Ice Cream Sandwich""",[84]
HTC Droid Incredible 4G LTE,HTC,2012/07,"Android 4.0 ""Ice Cream Sandwich""",[85]
HTC Desire X,HTC,2012/10,"Android 4.0 ""Ice Cream Sandwich""",[86]
HTC Butterfly,HTC,2013/01,"Android 4.1 ""Jelly Bean""",[87]
HTC One (M7),HTC,2013/03,"Android 4.1 ""Jelly Bean""",[88]
HTC One Mini,HTC,2013/08,"Android 4.1 ""Jelly Bean""",[89]
HTC One Max,HTC,2013/10,"Android 4.1 ""Jelly Bean""",[90]
HTC One (M8),HTC,2014/03,"Android 4.4 ""KitKat""",[91]
HTC One Mini 2,HTC,2014/05,"Android 4.4 ""KitKat""",[92]
HTC Desire Eye,HTC,2014/11,"Android 4.4 ""KitKat""",[93]
HTC Desire 620,HTC,2014/12,"Android 4.4 ""KitKat""",[94]
HTC One M9,HTC,2015/03,"Android 5.0 ""Lollipop""",[95]
HTC 10,HTC,2016/04,"Android 6.0 ""Marshmallow""",[96]
HTC U Ultra,HTC,2017/02,"Android 7.0 ""Nougat""",[97]
HTC U11,HTC,2017/06,"Android 7.0 ""Nougat""",[98]
HTC U11+/11 Life,HTC,2017/11,"Android 8.0 ""Oreo""",[99][100]
HTC U11 EYEs,HTC,2018/01,"Android 8.0 ""Oreo""",[101]
HTC U12+,HTC,2018/06,"Android 8.0 ""Oreo""",[102]
HTC U12 life,HTC,2018/08,"Android 8.0 ""Oreo""",[103]
HTC Desire 12/12+,HTC,2018/09,"Android 8.0 ""Oreo""",[104][105]
HTC Exodus 1,HTC,2018/12,"Android 8.0 ""Oreo""",[106]
HTC Desire 12s,HTC,2018/12,"Android 8.0 ""Oreo""",[107]
HTC Desire 19+,HTC,2019/06,"Android 9.0 ""Pie""",[108]
HTC U19e,HTC,2019/06,"Android 9.0 ""Pie""",[109]
HTC Wildfire X,HTC,2019/08,"Android 9.0 ""Pie""",[110]
HTC Exodus 1s,HTC,2019/10,"Android 8.1 ""Oreo""",[111]
HTC Desire 19s,HTC,2019/11,"Android 9.0 ""Pie""",[112]
HTC Wildfire R70,HTC,2020/02,"Android 9.0 ""Pie""",[113]
HTC Desire 20 Pro,HTC,2020/06,Android 10,[114]
HTC U20 5G,HTC,2020/06,Android 10,[115]
HTC Wildfire E2,HTC,2020/08,Android 10,[116]
Honor U8860,Huawei,2011/09,"Android 2.3 ""Gingerbread""",[117]
Honor 2,Huawei,2012/10,"Android 4.0 ""Ice Cream Sandwich""",[118]
Honor 3,Huawei,2013/08,"Android 4.1 ""Jelly Bean""",[119]
Honor 3C,Huawei,2013/12,"Android 4.1 ""Jelly Bean""",[120]
Honor 3X,Huawei,2013/12,"Android 4.4 ""KitKat""",[121]
Honor 3X Pro,Huawei,2014/05,"Android 4.1 ""Jelly Bean""",[122]
Honor 3C 4G,Huawei,2014/06,"Android 4.4 ""KitKat""",[123]
Honor 6,Huawei,2014/08,"Android 4.4 ""KitKat""",[124]
Honor 3C Play,Huawei,2014/09,"Android 4.1 ""Jelly Bean""",[125]
Honor 4 Play,Huawei,2014/09,"Android 4.4 ""KitKat""",[126]
Honor Holly,Huawei,2014/10,"Android 4.4 ""KitKat""",[127]
Honor 4X,Huawei,2014/10,"Android 4.4 ""KitKat""",[128]
Honor 6 Plus,Huawei,2014/12,"Android 4.4 ""KitKat""",[129]
Honor 4C,Huawei,2015/04,"Android 4.4 ""KitKat""",[130]
Honor Bee,Huawei,2015/05,"Android 4.4 ""KitKat""",[131]
Honor 7,Huawei,2015/07,"Android 5.0 ""Lollipop""",[132]
Honor 7i,Huawei,2015/08,"Android 5.0 ""Lollipop""",[133]
Honor 5X,Huawei,2015/11,"Android 5.0 ""Lollipop""",[134]
Honor Holly 2 Plus,Huawei,2016/01,"Android 5.0 ""Lollipop""",[135]
Honor 5c,Huawei,2016/04,"Android 6.0 ""Marshmallow""",[136]
Honor V8,Huawei,2016/05,"Android 6.0 ""Marshmallow""",[137]
Honor 5A,Huawei,2016/06,"Android 5.0 ""Lollipop""",[138]
Honor 8,Huawei,2016/07,"Android 6.0 ""Marshmallow""",[139]
Honor Note 8,Huawei,2016/08,"Android 6.0 ""Marshmallow""",[140]
Honor Holly 3,Huawei,2016/07,"Android 6.0 ""Marshmallow""",[141]
Honor 6X,Huawei,2016/10,"Android 6.0 ""Marshmallow""",[142]
Honor Magic,Huawei,2016/12,"Android 6.0 ""Marshmallow""",[143]
Honor 8 Pro,Huawei,2017/04,"Android 7.0 ""Nougat""",[144]
Honor 6A,Huawei,2017/05,"Android 7.0 ""Nougat""",[145]
Honor 9,Huawei,2017/07,"Android 7.0 ""Nougat""",[146]
Honor 6C Pro,Huawei,2017/10,"Android 7.0 ""Nougat""",[147]
Honor 7X,Huawei,2017/12,"Android 7.0 ""Nougat""",[148]
Honor V10,Huawei,2017/12,"Android 8.0 ""Oreo""",[149]
Honor 9 Lite,Huawei,2017/12,"Android 8.0 ""Oreo""",[150]
Honor 7A,Huawei,2018/04,"Android 8.0 ""Oreo""",[151]
Honor 7C,Huawei,2018/05,"Android 8.0 ""Oreo""",[152]
Honor 10,Huawei,2018/05,"Android 8.0 ""Oreo""",[153]
Honor 7S,Huawei,2018/05,"Android 8.0 ""Oreo""",[154]
Honor 9N,Huawei,2018/07,"Android 8.0 ""Oreo""",[155]
Honor Play,Huawei,2018/08,"Android 8.0 ""Oreo""",[156]
Honor Note 10,Huawei,2018/08,"Android 8.0 ""Oreo""",[157]
Honor 8X/Max,Huawei,2018/09,"Android 8.0 ""Oreo""",[158][159]
Honor 8C,Huawei,2018/10,"Android 8.0 ""Oreo""",[160]
Honor Magic 2/3D,Huawei,2018/08,"Android 9.0 ""Pie""",[161][162]
Honor 10 Lite,Huawei,2018/11,"Android 9.0 ""Pie""",[163]
Honor V20,Huawei,2018/12,"Android 9.0 ""Pie""",[164]
Honor Play 8A,Huawei,2019/01,"Android 9.0 ""Pie""",[165]
Honor 8A Pro,Huawei,2019/04,"Android 9.0 ""Pie""",[166]
Honor 20 lite,Huawei,2019/05,"Android 9.0 ""Pie""",[167]
Honor 20i,Huawei,2019/05,"Android 9.0 ""Pie""",[168]
Honor 20,Huawei,2019/06,"Android 9.0 ""Pie""",[169]
Honor 20 Pro,Huawei,2019/07,"Android 9.0 ""Pie""",[170]
Honor 9X (China),Huawei,2019/07,"Android 9.0 ""Pie""",[171]
Honor 9X Pro,Huawei,2019/07,"Android 9.0 ""Pie""",[172]
Honor Play 3/3e,Huawei,2019/09,"Android 9.0 ""Pie""",[173][174]
Honor 20S,Huawei,2019/09,"Android 9.0 ""Pie""",[175]
Honor 20 lite (China),Huawei,2019/10,"Android 9.0 ""Pie""",[176]
Honor 9X,Huawei,2019/10,"Android 9.0 ""Pie""",[177]
Honor V30/30 Pro,Huawei,2019/11,Android 10,[178][179]
Honor 8A Prime,Huawei,2020/03,Android 10,[180]
Honor Play 9A,Huawei,2020/03,Android 10,[181]
Honor 30S,Huawei,2020/03,Android 10,[182]
Honor Play 4T/4T Pro,Huawei,2020/04,Android 10,[183][184]
Honor 8A 2020,Huawei,2020/04,Android 10,[185]
Honor 20e,Huawei,2020/04,Android 10,[186]
Honor 30/30 Pro/30 Pro+,Huawei,2020/04,Android 10,[187][188][189]
Honor 9X Lite,Huawei,2020/04,Android 10,[190]
Honor 9C/9S/9A,Huawei,2020/04,Android 10,[191][192][193]
Honor X10,Huawei,2020/05,Android 10,[194]
Honor 8S 2020,Huawei,2020/05,Android 10,[195]
Honor Play4/4 Pro,Huawei,2020/06,Android 10,[196][197]
Honor 30 Lite,Huawei,2020/07,Android 10,[198]
Honor X10 Max,Huawei,2020/07,Android 10,[199]
Honor 30i,Huawei,2020/09,Android 10,[200]
Huawei Ascend P1,Huawei,2012/07,"Android 4.0 ""Ice Cream Sandwich""",[201]
Huawei Ascend Mate,Huawei,2013/03,"Android 4.1 ""Jelly Bean""",[202]
Huawei Ascend P2,Huawei,2013/04,"Android 4.1 ""Jelly Bean""",[203]
Huawei Ascend P6,Huawei,2013/06,"Android 4.1 ""Jelly Bean""",[204]
Huawei Ascend Mate 2 4G,Huawei,2014/01,"Android 4.1 ""Jelly Bean""",[205]
Huawei Ascend P7,Huawei,2014/06,"Android 4.4 ""KitKat""",[206]
Huawei Ascend Mate 7,Huawei,2014/10,"Android 4.4 ""KitKat""",[207]
Huawei P8,Huawei,2015/04,"Android 4.4 ""KitKat""",[208]
Huawei Mate S,Huawei,2015/10,"Android 5.0 ""Lollipop""",[209]
Huawei Mate 8,Huawei,2015/11,"Android 6.0 ""Marshmallow""",[210]
Huawei P9,Huawei,2016/04,"Android 6.0 ""Marshmallow""",[211]
Huawei Mate 9,Huawei,2016/12,"Android 7.0 ""Nougat""",[212]
Huawei P10,Huawei,2017/02,"Android 7.0 ""Nougat""",[213]
Huawei Mate 10,Huawei,2017/11,"Android 8.0 ""Oreo""",[213]
Huawei P20,Huawei,2018/03,"Android 8.0 ""Oreo""",[213]
Huawei Mate 20,Huawei,2018/11,"Android 9.0 ""Pie""",[214]
Huawei P30,Huawei,2019/03,"Android 9.0 ""Pie""",[215]
Huawei Mate 30,Huawei,2019/09,Android 10,[216]
Huawei P40,Huawei,2020/04,Android 10,[217]

Model,Developer,Release date,Android version at release,Ref.
Lenovo Vibe Z,Lenovo,2013/11,"Android 4.1 ""Jelly Bean""",[218]
Lenovo A526,Lenovo,2014/06,"Android 4.1 ""Jelly Bean""",[219]
Lenovo Vibe Z2 Pro,Lenovo,2014/08,"Android 4.4 ""KitKat""",[220]
Lenovo Vibe Z2,Lenovo,2014/09,"Android 4.4 ""KitKat""",[221]
ZUK Z1,Lenovo,2015/08,"Android 5.0 ""Lollipop""",[222]
Lenovo Vibe P1,Lenovo,2015/09,"Android 5.0 ""Lollipop""",[223]
Lenovo Vibe K4 Note,Lenovo,2016/01,"Android 5.0 ""Lollipop""",[224]
Lenovo K5 Note,Lenovo,2016/01,"Android 5.0 ""Lollipop""",[225]
Lenovo Vibe P1 Turbo,Lenovo,2016/02,"Android 5.0 ""Lollipop""",[226]
Lenovo Vibe K5/Plus,Lenovo,2016/02,"Android 5.0 ""Lollipop""",[227][228]
ZUK Z2,Lenovo,2016/05,"Android 6.0 ""Marshmallow""",[229]
Lenovo Phab 2/Plus/Pro,Lenovo,2016/06,"Android 6.0 ""Marshmallow""",[230][231][232]
Lenovo K6/Power/Note,Lenovo,2016/09,"Android 6.0 ""Marshmallow""",[233][234][235]
Lenovo P2,Lenovo,2016/09,"Android 6.0 ""Marshmallow""",[236]
Lenovo Z2 Plus,Lenovo,2017/01,"Android 6.0 ""Marshmallow""",[237]
Lenovo Legion Pro/Duel,Lenovo,2020/07,Android 10,[238][239]
LG GW620,LG Electronics,2009/11,"Android 1.5 ""Cupcake""",[240]
LG Optimus Q,LG Electronics,2010/05,"Android 2.0 ""Eclair""",[241]
LG Optimus,LG Electronics,2010/06,"Android 1.6 ""Donut""",[242]
LG Optimus One,LG Electronics,2010/10,"Android 2.2 ""Froyo""",[243]
LG Optimus Chic,LG Electronics,2010/11,"Android 2.2 ""Froyo""",[244]
LG Optimus 2X,LG Electronics,2011/02,"Android 2.2 ""Froyo""",[245]
LG Optimus Black,LG Electronics,2011/05,"Android 2.2 ""Froyo""",[246]
LG Optimus 3D,LG Electronics,2011/07,"Android 2.2 ""Froyo""",[247]
LG Optimus Slider,LG Electronics,2011/10,"Android 2.3 ""Gingerbread""",[248]
LG Optimus LTE (LU6200),LG Electronics,2012/01,"Android 2.3 ""Gingerbread""",[249]
LG Optimus 4X HD,LG Electronics,2012/06,"Android 4.0 ""Ice Cream Sandwich""",[250]
LG Optimus LTE (SU640),LG Electronics,2012/08,"Android 2.3 ""Gingerbread""",[251]
LG Optimus L9,LG Electronics,2012/11,"Android 4.0 ""Ice Cream Sandwich""",[252]
LG Optimus Vu,LG Electronics,2012/11,"Android 4.0 ""Ice Cream Sandwich""",[253]
LG Optimus G,LG Electronics,2013/01,"Android 4.0 ""Ice Cream Sandwich""",[254]
LG G2,LG Electronics,2013/09,"Android 4.1 ""Jelly Bean""",[255]
LG G Flex,LG Electronics,2013/11,"Android 4.1 ""Jelly Bean""",[256]
LG G Pro Lite,LG Electronics,2013/11,"Android 4.1 ""Jelly Bean""",[257]
LG Gx,LG Electronics,2014/01,"Android 4.1 ""Jelly Bean""",[258]
LG G2 Mini,LG Electronics,2014/04,"Android 4.4 ""KitKat""",[259]
LG G Pro 2,LG Electronics,2014/04,"Android 4.4 ""KitKat""",[260]
LG G3,LG Electronics,2014/05,"Android 4.4 ""KitKat""",[261]
LG G3 Stylus,LG Electronics,2014/10,"Android 4.4 ""KitKat""",[262]
LG G Flex 2,LG Electronics,2015/02,"Android 5.0 ""Lollipop""",[263]
LG G4,LG Electronics,2015/04,"Android 5.0 ""Lollipop""",[264]
LG V10,LG Electronics,2015/10,"Android 5.0 ""Lollipop""",[265]
LG K10 (2016),LG Electronics,2016/01,"Android 5.0 ""Lollipop""",[266]
LG G5,LG Electronics,2016/04,"Android 6.0 ""Marshmallow""",[267]
LG V20,LG Electronics,2016/10,"Android 7.0 ""Nougat""",[268]
LG K10 (2017),LG Electronics,2017/02,"Android 7.0 ""Nougat""",[269]
LG G6,LG Electronics,2017/05,"Android 7.0 ""Nougat""",[270]
LG V30,LG Electronics,2017/10,"Android 7.0 ""Nougat""",[271]
LG G7 ThinQ,LG Electronics,2018/05,"Android 8.0 ""Oreo""",[272]
LG V35 ThinQ,LG Electronics,2018/06,"Android 8.0 ""Oreo""",[273]
LG K10 (2018),LG Electronics,2018/06,"Android 7.0 ""Nougat""",[274]
LG V40 ThinQ,LG Electronics,2018/10,"Android 8.0 ""Oreo""",[275]
LG G8 ThinQ,LG Electronics,2019/04,"Android 9.0 ""Pie""",[276]
LG V50 ThinQ,LG Electronics,2019/05,"Android 9.0 ""Pie""",[277]
LG V60 ThinQ,LG Electronics,2020/03,Android 10,[278]
LG Velvet,LG Electronics,2020/05,Android 10,[279]
LG Wing,LG Electronics,2020/09,Android 10,[280]

Model,Developer,Release date,Android version at release,Ref.
Meizu M9,Meizu,2011/01,"Android 2.2 ""Froyo""",[281]
Meizu MX,Meizu,2011/12,"Android 2.3 ""Gingerbread""",[282]
Meizu MX 4-core,Meizu,2012/06,"Android 4.0 ""Ice Cream Sandwich""",[283]
Meizu MX2,Meizu,2012/11,"Android 4.1 ""Jelly Bean""",[284]
Meizu MX3,Meizu,2013/09,"Android 4.1 ""Jelly Bean""",[285]
Meizu MX4,Meizu,2014/09,"Android 4.4 ""KitKat""",[286]
Meizu MX4 Pro,Meizu,2014/10,"Android 4.4 ""KitKat""",[287]
Meizu M1/1 Note,Meizu,2015/01,"Android 4.4 ""KitKat""",[288][289]
Meizu M2 Note,Meizu,2015/06,"Android 5.0 ""Lollipop""",[290]
Meizu MX5,Meizu,2015/06,"Android 5.0 ""Lollipop""",[291]
Meizu M2,Meizu,2015/07,"Android 5.0 ""Lollipop""",[290]
Meizu PRO 5,Meizu,2015/09,"Android 5.0 ""Lollipop""",[292]
Meizu M1 Metal,Meizu,2015/10,"Android 5.0 ""Lollipop""",[293]
Meizu MX5e,Meizu,2016/04,"Android 6.0 ""Marshmallow""",[294]
Meizu M3 Note,Meizu,2016/04,"Android 5.0 ""Lollipop""",[295]
Meizu PRO 6,Meizu,2016/04,"Android 6.0 ""Marshmallow""",[296]
Meizu M3,Meizu,2016/04,"Android 5.0 ""Lollipop""",[297]
Meizu M3s,Meizu,2016/06,"Android 5.0 ""Lollipop""",[298]
Meizu MX6,Meizu,2016/07,"Android 6.0 ""Marshmallow""",[299]
Meizu M3E,Meizu,2016/08,"Android 5.0 ""Lollipop""",[300]
Meizu U10/20,Meizu,2016/08,"Android 6.0 ""Marshmallow""",[301][302]
Meizu M3 Max,Meizu,2016/09,"Android 6.0 ""Marshmallow""",[303]
Meizu M5,Meizu,2016/10,"Android 6.0 ""Marshmallow""",[304]
Meizu PRO 6s,Meizu,2016/11,"Android 6.0 ""Marshmallow""",[305]
Meizu M3x,Meizu,2016/11,"Android 6.0 ""Marshmallow""",[306]
Meizu PRO 6 Plus,Meizu,2016/11,"Android 6.0 ""Marshmallow""",[307]
Meizu M5 Note,Meizu,2016/12,"Android 6.0 ""Marshmallow""",[308]
Meizu M5s,Meizu,2017/02,"Android 6.0 ""Marshmallow""",[309]
Meizu E2,Meizu,2017/04,"Android 7.0 ""Nougat""",[310]
Meizu M5c,Meizu,2017/05,"Android 6.0 ""Marshmallow""",[311]
Meizu PRO 7/Plus,Meizu,2017/07,"Android 7.0 ""Nougat""",[312][313]
Meizu M6 Note,Meizu,2017/08,"Android 7.0 ""Nougat""",[314]
Meizu M6,Meizu,2017/09,"Android 7.0 ""Nougat""",[315]
Meizu M6s,Meizu,2018/01,"Android 7.0 ""Nougat""",[316]
Meizu E3,Meizu,2018/03,"Android 7.0 ""Nougat""",[317]
Meizu 15/Pro/Lite,Meizu,2018/04,"Android 7.0 ""Nougat""",[318][319][320]
Meizu M8c,Meizu,2018/05,"Android 7.0 ""Nougat""",[321]
Meizu M6T,Meizu,2018/05,"Android 7.0 ""Nougat""",[322]
Meizu 16th/Plus,Meizu,2018/08,"Android 8.0 ""Oreo""",[323][324]
Meizu 16X,Meizu,2018/09,"Android 8.0 ""Oreo""",[325]
Meizu V8/Pro,Meizu,2018/09,"Android 8.0 ""Oreo""",[326][327]
Meizu X8,Meizu,2018/09,"Android 8.0 ""Oreo""",[328]
Meizu Note 8,Meizu,2018/10,"Android 8.0 ""Oreo""",[329]
Meizu C9/Pro,Meizu,2018/12,"Android 8.0 ""Oreo""",[330]
Meizu Note 9,Meizu,2019/03,"Android 9.0 ""Pie""",[331]
Meizu M10,Meizu,2019/09,"Android 9.0 ""Pie""",[332]
Meizu 16s,Meizu,2019/04,"Android 9.0 ""Pie""",[333]
Meizu 16Xs,Meizu,2019/05,"Android 9.0 ""Pie""",[334]
Meizu 16s Pro,Meizu,2019/08,"Android 9.0 ""Pie""",[335]
Meizu 16T,Meizu,2019/10,"Android 9.0 ""Pie""",[336]
Meizu 17/Pro,Meizu,2020/05,Android 10,[337][338]
Motorola Cliq,Motorola,2009/10,"Android 1.5 ""Cupcake""",[339]
Motorola Droid,Motorola,2009/11,"Android 2.0 ""Eclair""",[340]
Motorola Backflip,Motorola,2010/03,"Android 1.5 ""Cupcake""",[341]
Motorola Flipout,Motorola,2010/06,"Android 2.0 ""Eclair""",[342]
Motorola Droid X,Motorola,2010/07,"Android 2.0 ""Eclair""",[343]
Motorola Charm,Motorola,2010/08,"Android 2.0 ""Eclair""",[344]
Motorola Droid 2,Motorola,2010/08,"Android 2.2 ""Froyo""",[345]
Motorola Defy,Motorola,2010/10,"Android 2.0 ""Eclair""",[346]
Motorola Droid Pro,Motorola,2010/11,"Android 2.2 ""Froyo""",[347]
Motorola Atrix 4G,Motorola Mobility,2011/02,"Android 2.3 ""Gingerbread""",[348]
Motorola Droid 3,Motorola Mobility,2011/07,"Android 2.3 ""Gingerbread""",[349]
Motorola Droid Bionic,Motorola Mobility,2011/09,"Android 2.3 ""Gingerbread""",[350]
Motorola Atrix 2,Motorola Mobility,2011/10,"Android 2.3 ""Gingerbread""",[351]
Motorola Droid Razr,Motorola Mobility,2011/11,"Android 2.3 ""Gingerbread""",[352]
Motorola Droid 4,Motorola Mobility,2012/02,"Android 2.3 ""Gingerbread""",[353]
Motorola Atrix HD,Motorola Mobility,2012/07,"Android 4.0 ""Ice Cream Sandwich""",[354]
Motorola Photon Q,Motorola Mobility,2012/08,"Android 4.0 ""Ice Cream Sandwich""",[355]
Motorola Droid Razr M,Motorola Mobility,2012/09,"Android 4.0 ""Ice Cream Sandwich""",[356]
Motorola Droid Razr HD,Motorola Mobility,2012/10,"Android 4.0 ""Ice Cream Sandwich""",[357]
Motorola Droid Maxx,Motorola Mobility,2013/08,"Android 4.1 ""Jelly Bean""",[358]
Motorola Droid Mini,Motorola Mobility,2013/08,"Android 4.1 ""Jelly Bean""",[359]
Moto X (1st generation),Motorola Mobility,2013/08,"Android 4.1 ""Jelly Bean""",[360]
Moto G (1st generation),Motorola Mobility,2013/11,"Android 4.1 ""Jelly Bean""",[361]
Moto E (1st generation),Motorola Mobility,2014/05,"Android 4.4 ""KitKat""",[362]
Moto G (2nd generation),Motorola Mobility,2014/09,"Android 4.4 ""KitKat""",[363]
Moto X (2nd generation),Motorola Mobility,2014/09,"Android 4.4 ""KitKat""",[364]
Motorola Droid Turbo,Motorola Mobility,2014/10,"Android 4.4 ""KitKat""",[365]
Moto E (2nd generation),Motorola Mobility,2015/02,"Android 5.0 ""Lollipop""",[366]
Moto G (3rd generation),Motorola Mobility,2015/07,"Android 5.0 ""Lollipop""",[367]
Moto X Play,Motorola Mobility,2015/07,"Android 5.0 ""Lollipop""",[368]
Moto X Style,Motorola Mobility,2015/09,"Android 5.0 ""Lollipop""",[369]
Moto G4,Motorola Mobility,2016/05,"Android 6.0 ""Marshmallow""",[370]
Moto E3,Motorola Mobility,2016/07,"Android 6.0 ""Marshmallow""",[371]
Moto Z,Motorola Mobility,2016/09,"Android 6.0 ""Marshmallow""",[372]
Moto Z Play,Motorola Mobility,2016/09,"Android 6.0 ""Marshmallow""",[373]
Moto G5,Motorola Mobility,2017/03,"Android 7.0 ""Nougat""",[370]
Moto C,Motorola Mobility,2017/05,"Android 7.0 ""Nougat""",[374]
Moto E4,Motorola Mobility,2017/06,"Android 7.0 ""Nougat""",[375]
Moto Z2 Play,Motorola Mobility,2017/06,"Android 7.0 ""Nougat""",[376]
Moto Z2 Force,Motorola Mobility,2017/08,"Android 7.0 ""Nougat""",[377]
Moto X4,Motorola Mobility,2017/09,"Android 7.0 ""Nougat""",[378]
Moto E5,Motorola Mobility,2018/05,"Android 8.0 ""Oreo""",[379]
Moto G6,Motorola Mobility,2018/05,"Android 8.0 ""Oreo""",[370]
Moto Z3 Play,Motorola Mobility,2018/06,"Android 8.0 ""Oreo""",[380]
Moto Z3,Motorola Mobility,2018/08,"Android 8.0 ""Oreo""",[381]
Motorola One/One Power,Motorola Mobility,2018/10,"Android 8.0 ""Oreo""",[382][383]
Moto G7,Motorola Mobility,2019/03,"Android 9.0 ""Pie""",[370]
Motorola One Vision,Motorola Mobility,2019/06,"Android 9.0 ""Pie""",[384]
Moto Z4,Motorola Mobility,2019/06,"Android 9.0 ""Pie""",[385]
Motorola One Zoom,Motorola Mobility,2019/09,"Android 9.0 ""Pie""",[386]
Moto G8 Plus,Motorola Mobility,2019/10,"Android 9.0 ""Pie""",[370]
Motorola One Macro,Motorola Mobility,2019/10,"Android 9.0 ""Pie""",[387]
Motorola One Action,Motorola Mobility,2019/10,"Android 9.0 ""Pie""",[388]
Motorola Razr (2020),Motorola Mobility,2019/11,"Android 9.0 ""Pie""",[389]
Motorola One Hyper,Motorola Mobility,2020/01,Android 10,[390]
Moto G8 Power,Motorola Mobility,2020/02,Android 10,[370]
Moto G Power/Stylus,Motorola Mobility,2020/02,Android 10,[370]
Moto G8,Motorola Mobility,2020/03,Android 10,[370]
Moto E6s (2020),Motorola Mobility,2020/03,"Android 9.0 ""Pie""",[391]
Moto G8 Power Lite,Motorola Mobility,2020/04,"Android 9.0 ""Pie""",[392]
Motorola Edge/Edge+,Motorola Mobility,2020/05,Android 10,[393][394]
Moto G Pro,Motorola Mobility,2020/05,Android 10,[395]
Moto E (2020),Motorola Mobility,2020/06,Android 10,[396]
Moto G Fast,Motorola Mobility,2020/06,Android 10,[370]
Motorola One Fusion+,Motorola Mobility,2020/06,Android 10,[397]
Motorola One Fusion,Motorola Mobility,2020/07,Android 10,[398]
Moto G 5G Plus,Motorola Mobility,2020/07,Android 10,[399]
Moto G9 Play,Motorola Mobility,2020/08,Android 10,[400]
Moto G9 Plus,Motorola Mobility,2020/09,Android 10,[401]
Moto E7 Plus,Motorola Mobility,2020/09,Android 10,[402]
Motorola Razr (5G),Motorola Mobility,2020/09,Android 10,[403]

Model,Developer,Release date,Android version at release,Ref.
Nextbit Robin,Nextbit,2016/02,"Android 5.0 ""Lollipop""",[404]
Nexus One,HTC/Google,2010/01,"Android 2.0 ""Eclair""",[405]
Nexus S,Samsung Electronics/Google,2010/12,"Android 2.3 ""Gingerbread""",[406]
Galaxy Nexus,Samsung Electronics/Google,2011/11,"Android 4.0 ""Ice Cream Sandwich""",[407]
Nexus 4,LG Electronics/Google,2012/11,"Android 4.1 ""Jelly Bean""",[408]
Nexus 5,LG Electronics/Google,2013/10,"Android 4.4 ""KitKat""",[409]
Nexus 6,Motorola Mobility/Google,2014/11,"Android 5.0 ""Lollipop""",[410]
Nexus 5X,LG Electronics/Google,2015/09,"Android 6.0 ""Marshmallow""",[411]
Nexus 6P,Huawei/Google,2015/09,"Android 6.0 ""Marshmallow""",[412]
Nokia X,Nokia,2014/02,"Android 4.1 ""Jelly Bean""",[413]
Nokia XL,Microsoft Mobile,2014/05,"Android 4.1 ""Jelly Bean""",[414]
Nokia X2,Microsoft Mobile,2014/06,"Android 4.1 ""Jelly Bean""",[413]
Nokia 6,HMD Global,2017/01,"Android 7.0 ""Nougat""",[415]
Nokia 3,HMD Global,2017/06,"Android 7.0 ""Nougat""",[416]
Nokia 5,HMD Global,2017/07,"Android 7.0 ""Nougat""",[417]
Nokia 7,HMD Global,2017/10,"Android 7.0 ""Nougat""",[418]
Nokia 8,HMD Global,2017/10,"Android 7.0 ""Nougat""",[419]
Nokia 2,HMD Global,2017/11,"Android 7.0 ""Nougat""",[420]
Nokia 7 Plus,HMD Global,2018/03,"Android 8.0 ""Oreo""",[421]
Nokia 1,HMD Global,2018/04,"Android 8.0 ""Oreo""",[422]
Nokia 6.1,HMD Global,2018/04,"Android 8.0 ""Oreo""",[423]
Nokia 8 Sirocco,HMD Global,2018/04,"Android 8.0 ""Oreo""",[424]
Nokia 3.1,HMD Global,2018/05,"Android 8.0 ""Oreo""",[425]
Nokia 5.1 Plus,HMD Global,2018/07,"Android 8.0 ""Oreo""",[426]
Nokia 2.1,HMD Global,2018/08,"Android 8.0 ""Oreo""",[427]
Nokia 5.1,HMD Global,2018/08,"Android 8.0 ""Oreo""",[428]
Nokia 6.1 Plus,HMD Global,2018/08,"Android 8.0 ""Oreo""",[429]
Nokia 3.1 Plus,HMD Global,2018/10,"Android 8.0 ""Oreo""",[430]
Nokia 7.1,HMD Global,2018/10,"Android 8.0 ""Oreo""",[431]
Nokia 8.1,HMD Global,2018/12,"Android 9.0 ""Pie""",[432]
Nokia 9 PureView,HMD Global,2019/02,"Android 9.0 ""Pie""",[433]
Nokia 1 Plus,HMD Global,2019/03,"Android 9.0 ""Pie""",[434]
Nokia 4.2,HMD Global,2019/04,"Android 9.0 ""Pie""",[435]
Nokia 3.2,HMD Global,2019/05,"Android 9.0 ""Pie""",[436]
Nokia 2.2,HMD Global,2019/06,"Android 9.0 ""Pie""",[437]
Nokia 6.2,HMD Global,2019/09,"Android 9.0 ""Pie""",[438]
Nokia 7.2,HMD Global,2019/09,"Android 9.0 ""Pie""",[439]
Nokia 2.3,HMD Global,2019/12,"Android 9.0 ""Pie""",[440]
Nokia C1,HMD Global,2019/12,"Android 9.0 ""Pie""",[441]
Nokia C2,HMD Global,2020/03,"Android 9.0 ""Pie""",[442]
Nokia 1.3,HMD Global,2020/04,Android 10,[443]
Nokia 5.3,HMD Global,2020/04,Android 10,[444]
Nokia 8.3 5G,HMD Global,2020/10,Android 10,[445]

Model,Developer,Release date,Android version at release,Ref.
OnePlus One,OnePlus,2014/04,"Android 4.4 ""KitKat""",[446]
OnePlus 2,OnePlus,2015/07,"Android 5.0 ""Lollipop""",[447]
OnePlus X,OnePlus,2015/10,"Android 5.0 ""Lollipop""",[448]
OnePlus 3,OnePlus,2016/06,"Android 6.0 ""Marshmallow""",[449]
OnePlus 3T,OnePlus,2016/11,"Android 6.0 ""Marshmallow""",[450]
OnePlus 5,OnePlus,2017/06,"Android 7.0 ""Nougat""",[451]
OnePlus 5T,OnePlus,2017/11,"Android 7.0 ""Nougat""",[452]
OnePlus 6,OnePlus,2018/04,"Android 8.0 ""Oreo""",[453]
OnePlus 6T,OnePlus,2018/11,"Android 9.0 ""Pie""",[454]
OnePlus 7,OnePlus,2019/05,"Android 9.0 ""Pie""",[455]
OnePlus 7 Pro,OnePlus,2019/05,"Android 9.0 ""Pie""",[456]
OnePlus 7T,OnePlus,2019/10,Android 10,[457]
OnePlus 7T Pro,OnePlus,2019/10,Android 10,[458]
OnePlus 8,OnePlus,2020/04,Android 10,[459]
OnePlus 8 Pro,OnePlus,2020/04,Android 10,[460]
OnePlus Nord,OnePlus,2020/08,Android 10,[461]
Oppo Find,Oppo,2012/06,"Android 4.0 ""Ice Cream Sandwich""",[462]
Oppo Find 5,Oppo,2012/12,"Android 4.1 ""Jelly Bean""",[463]
Oppo N1,Oppo,2013/12,"Android 4.1 ""Jelly Bean""",[464]
Oppo Find 5 Mini,Oppo,2014/01,"Android 4.1 ""Jelly Bean""",[465]
Oppo Find 7/7a,Oppo,2014/03,"Android 4.1 ""Jelly Bean""",[466][467]
Oppo N1 mini,Oppo,2014/08,"Android 4.1 ""Jelly Bean""",[468]
Oppo N3,Oppo,2014/10,"Android 4.4 ""KitKat""",[468]
Oppo R7,Oppo,2015/05,"Android 4.4 ""KitKat""",[469]
Oppo F1,Oppo,2016/01,"Android 5.0 ""Lollipop""",[470]
Oppo R11,Oppo,2017/06,"Android 7.0 ""Nougat""",[471]
Oppo F7,Oppo,2018/04,"Android 8.0 ""Oreo""",[472]
Oppo R15 Pro,Oppo,2018/04,"Android 8.0 ""Oreo""",[473]
Oppo Find X,Oppo,2018/07,"Android 8.0 ""Oreo""",[474]
Oppo F9,Oppo,2018/08,"Android 8.0 ""Oreo""",[475]
Oppo R17,Oppo,2018/09,"Android 8.0 ""Oreo""",[476]
Oppo Reno,Oppo,2019/04,"Android 9.0 ""Pie""",[477]
Oppo Reno2,Oppo,2019/09,"Android 9.0 ""Pie""",[478]
Oppo A9 (2020),Oppo,2019/09,"Android 9.0 ""Pie""",[479]
Oppo Find X2/Pro,Oppo,2020/03,Android 10,[480][481]

Model,Developer,Release date,Android version at release,Ref.
Panasonic P100,Panasonic,2018/02,"Android 7.0 ""Nougat""",[482]
Pixel/XL,Google,2016/10,"Android 7.0 ""Nougat""",[483]
Pixel 2/XL,Google,2017/10,"Android 8.0 ""Oreo""",[483]
Pixel 3/XL,Google,2018/10,"Android 9.0 ""Pie""",[483]
Pixel 3a/XL,Google,2019/03,"Android 9.0 ""Pie""",[483]
Pixel 4/XL,Google,2019/10,Android 10,[483]
Pixel 4a,Google,2020/08,Android 10,[483]

Model,Developer,Release date,Android version at release,Ref.
Razer Phone,Razer Inc.,2017/11,"Android 7.0 ""Nougat""",[484]
Razer Phone 2,Razer Inc.,2018/10,"Android 8.0 ""Oreo""",[485]
Realme 1,Realme,2018/05,"Android 8.0 ""Oreo""",[486][487]
Realme 2,Realme,2018/09,"Android 8.0 ""Oreo""",[488][489]
Realme C1,Realme,2018/10,"Android 8.0 ""Oreo""",[490]
Realme 2 Pro,Realme,2018/10,"Android 8.0 ""Oreo""",[491]
Realme U1,Realme,2018/12,"Android 8.0 ""Oreo""",[492]
Realme 3,Realme,2019/03,"Android 9.0 ""Pie""",[493]
Realme C2,[[Realme,2019/05,"Android 9.0 ""Pie""",[494]
Realme 3 Pro,Realme,2019/05,"Android 9.0 ""Pie""",[495]
Realme X,Realme,2019/07,"Android 9.0 ""Pie""",[496]
Realme 3i,Realme,2019/07,"Android 9.0 ""Pie""",[497]
Realme 5,Realme,2019/08,"Android 9.0 ""Pie""",[498]
Realme 5 Pro,Realme,2019/09,"Android 9.0 ""Pie""",[499]
Realme XT,Realme,2019/09,"Android 9.0 ""Pie""",[500]
Realme X2,Realme,2019/09,"Android 9.0 ""Pie""",[501]
Realme X2 Pro,Realme,2019/10,"Android 9.0 ""Pie""",[502]
Realme 5i,Realme,2020/01,"Android 9.0 ""Pie""",[503]
Realme X50,Realme,2020/01,Android 10,[504]
Realme C3,Realme,2020/02,Android 10,[505]
Realme X50 Pro,Realme,2020/03,Android 10,[506]
Realme 6,Realme,2020/03,Android 10,[507]
Realme 6 Pro,Realme,2020/03,Android 10,[508]
Realme 6i,Realme,2020/03,Android 10,[509]
Realme X50 Pro Player,Realme,2020/06,Android 10,[510]
Realme X3 SuperZoom,Realme,2020/06,Android 10,[511]
Realme Narzo,Realme,2020/06,Android 10,[512]
Realme C3i,Realme,2020/06,Android 10,[513]
Realme X3,Realme,2020/06,Android 10,[511]
Realme C11,Realme,2020/06,Android 10,[514]
Realme C15,Realme,2020/07,Android 10,[515]
Realme V5,Realme,2020/08,Android 10,[516]
Realme C12,Realme,2020/08,Android 10,[517]
Redmi 1,Xiaomi,2013/08,"Android 4.1 ""Jelly Bean""",[518]
Redmi 1S,Xiaomi,2014/02,"Android 4.1 ""Jelly Bean""",[519]
Redmi Note (3G),Xiaomi,2014/03,"Android 4.1 ""Jelly Bean""",[520]
Redmi Note 4G,Xiaomi,2014/08,"Android 4.1 ""Jelly Bean""",[521]
Redmi Note Prime,Xiaomi,2014/12,"Android 4.4 ""KitKat""",[522]
Redmi 2,Xiaomi,2015/01,"Android 4.4 ""KitKat""",[523]
Redmi 2A,Xiaomi,2015/04,"Android 4.4 ""KitKat""",[524]
Redmi 2 Prime,Xiaomi,2015/08,"Android 4.4 ""KitKat""",[525]
Redmi Note 2,Xiaomi,2015/08,"Android 5.0 ""Lollipop""",[526]
Redmi 2 Pro,Xiaomi,2015/10,"Android 4.4 ""KitKat""",[527]
Redmi Note 3 (MTK),Xiaomi,2015/11,"Android 5.0 ""Lollipop""",[528]
Redmi 3,Xiaomi,2016/01,"Android 5.0 ""Lollipop""",[529]
Redmi Note 3/Pro,Xiaomi,2016/03,"Android 5.0 ""Lollipop""",[530]
Redmi 3 Pro,Xiaomi,2016/04,"Android 5.0 ""Lollipop""",[531]
Redmi 3S,Xiaomi,2016/06,"Android 5.0 ""Lollipop""",[532][533]
Redmi 3X,Xiaomi,2016/07,"Android 5.0 ""Lollipop""",[533]
Redmi 3S Prime,Xiaomi,2016/08,"Android 5.0 ""Lollipop""",[534]
Redmi Pro,Xiaomi,2016/08,"Android 7.0 ""Nougat""",[535]
Redmi Note 4 (MTK),Xiaomi,2016/08,"Android 6.0 ""Marshmallow""",[536]
Redmi 4/Pro/Prime,Xiaomi,2016/08,"Android 6.0 ""Marshmallow""",[537][538]
Redmi 4A,Xiaomi,2016/11,"Android 6.0 ""Marshmallow""",[539]
Redmi Note 4/4X,Xiaomi,2017/01,"Android 6.0 ""Marshmallow""",[540]
Redmi 4X,Xiaomi,2017/02,"Android 6.0 ""Marshmallow""",[541]
Redmi Note 5A/Prime,Xiaomi,2017/09,"Android 7.0 ""Nougat""",[542][543]
Redmi 5A,Xiaomi,2017/10,"Android 7.0 ""Nougat""",[544]
Redmi 5/5 Plus,Xiaomi,2017/12,"Android 7.0 ""Nougat""",[545][546]
Redmi Note 5 Pro,Xiaomi,2018/02,"Android 7.0 ""Nougat""",[547]
Redmi Note 5,Xiaomi,2018/03,"Android 8.0 ""Oreo""",[548]
Redmi S2/Y2,Xiaomi,2018/05,"Android 8.0 ""Oreo""",[549]
Redmi 6/6A/6 Pro,Xiaomi,2018/06,"Android 8.0 ""Oreo""",[550][551][552]
Redmi Note 6 Pro,Xiaomi,2018/10,"Android 8.0 ""Oreo""",[553]
Redmi Note 7,Xiaomi,2019/02,"Android 9.0 ""Pie""",[554]
Redmi Go,Xiaomi,2019/02,"Android 8.0 ""Oreo""",[555]
Redmi Note 7 Pro,Xiaomi,2019/03,"Android 9.0 ""Pie""",[556]
Redmi 7,Xiaomi,2019/03,"Android 9.0 ""Pie""",[557]
Redmi Y3,Xiaomi,2019/04,"Android 9.0 ""Pie""",[558]
Redmi 7A,Xiaomi,2019/05,"Android 9.0 ""Pie""",[559]
Redmi K20/Pro,Xiaomi,2019/06,"Android 9.0 ""Pie""",[560][561]
Redmi Note 8/Pro,Xiaomi,2019/09,"Android 9.0 ""Pie""",[562][563]
Redmi 8A,Xiaomi,2019/09,"Android 9.0 ""Pie""",[564]
Redmi 8,Xiaomi,2019/10,"Android 9.0 ""Pie""",[565]
Redmi Note 8T,Xiaomi,2019/11,"Android 9.0 ""Pie""",[566]
Redmi K30/5G,Xiaomi,2019/12,Android 10,[567][568]
Redmi 8A Dual,Xiaomi,2019/02,"Android 9.0 ""Pie""",[569]
Redmi Note 9 Pro (India)/Pro Max/9S,Xiaomi,2020/03,Android 10,[570][571][572]
Redmi K30 Pro/Pro Zoom,Xiaomi,2020/03,Android 10,[573][574]
Redmi Note 9/Pro (Global),Xiaomi,2020/05,Android 10,[575][576]
Redmi 10X/Pro,Xiaomi,2020/06,Android 10,[577][578][579]
Redmi 9,Xiaomi,2020/06,Android 10,[580]
Redmi 9A,Xiaomi,2020/07,Android 10,[581]
Redmi 9C,Xiaomi,2020/08,Android 10,[582]
Redmi 9 Prime,Xiaomi,2020/08,Android 10,[583]
Redmi K30 Ultra,Xiaomi,2020/08,Android 10,[584]

Model,Developer,Release date,Android version at release,Ref.
Samsung Galaxy,Samsung Electronics,2009/04,"Android 1.5 ""Cupcake""",[585]
Samsung Galaxy S1,Samsung Electronics,2010/06,"Android 2.0 ""Eclair""",[586]
Samsung Galaxy S2,Samsung Electronics,2011/04,"Android 2.3 ""Gingerbread""",[587]
Samsung Galaxy Note,Samsung Electronics,2011/10,"Android 2.3 ""Gingerbread""",[588]
Samsung Galaxy S3,Samsung Electronics,2012/05,"Android 4.0 ""Ice Cream Sandwich""",[589]
Samsung Galaxy Note 2,Samsung Electronics,2012/09,"Android 4.0 ""Ice Cream Sandwich""",[590]
Samsung Galaxy S4,Samsung Electronics,2013/04,"Android 4.1 ""Jelly Bean""",[591]
Samsung Galaxy S4 Zoom,Samsung Electronics,2013/07,"Android 4.1 ""Jelly Bean""",[592]
Samsung Galaxy Note 3,Samsung Electronics,2013/09,"Android 4.1 ""Jelly Bean""",[593]
Samsung Galaxy Note 3 Neo,Samsung Electronics,2014/02,"Android 4.1 ""Jelly Bean""",[594]
Samsung Galaxy S5,Samsung Electronics,2014/04,"Android 4.4 ""KitKat""",[595]
Samsung Galaxy Grand Prime,Samsung Electronics,2014/09,"Android 5.0 ""Lollipop""",[596]
Samsung Galaxy Note 4,Samsung Electronics,2014/10,"Android 4.4 ""KitKat""",[597]
Samsung Galaxy Note Edge,Samsung Electronics,2014/11,"Android 4.4 ""KitKat""",[598]
Samsung Galaxy S6/Edge,Samsung Electronics,2015/04,"Android 5.0 ""Lollipop""",[599][600]
Samsung Galaxy Note 5,Samsung Electronics,2015/08,"Android 5.0 ""Lollipop""",[601]
Samsung Galaxy S6 Edge+,Samsung Electronics,2015/08,"Android 5.0 ""Lollipop""",[602]
Samsung Galaxy S7/Edge,Samsung Electronics,2016/03,"Android 6.0 ""Marshmallow""",[603][604]
Samsung Galaxy Note 7,Samsung Electronics,2016/09,"Android 6.0 ""Marshmallow""",[605]
Samsung Galaxy S8/+,Samsung Electronics,2017/04,"Android 7.0 ""Nougat""",[606][607]
Samsung Galaxy Note FE,Samsung Electronics,2017/07,"Android 7.0 ""Nougat""",[608]
Samsung Galaxy Note 8,Samsung Electronics,2017/08,"Android 7.0 ""Nougat""",[609]
Samsung Galaxy S9/+,Samsung Electronics,2018/03,"Android 8.0 ""Oreo""",[610][611]
Samsung Galaxy Note 9,Samsung Electronics,2018/08,"Android 8.0 ""Oreo""",[612]
Samsung Galaxy S10/e/+,Samsung Electronics,2019/03,"Android 9.0 ""Pie""",[613][614][615]
Samsung Galaxy S10 5G,Samsung Electronics,2019/04,"Android 9.0 ""Pie""",[616]
Samsung Galaxy Note 10/+,Samsung Electronics,2019/08,"Android 9.0 ""Pie""",[617][618]
Samsung Galaxy Fold,Samsung Electronics,2019/09,"Android 9.0 ""Pie""",[619]
Samsung Galaxy Z Flip,Samsung Electronics,2020/02,Android 10,[620]
Samsung Galaxy S20/+/Ultra,Samsung Electronics,2020/03,Android 10,[621][622][623]
Samsung Galaxy Z Flip 5G,Samsung Electronics,2020/07,Android 10,[624]
Samsung Galaxy Note 20/Ultra,Samsung Electronics,2020/08,Android 10,[625][626]
Samsung Galaxy Z Fold 2,Samsung Electronics,2020/08,Android 10,[627]
Samsung Galaxy S20 Fan Edition,Samsung Electronics,2020/10,Android 10,[628][629]
Sony Ericsson Xperia X10,Sony Ericsson,2010/03,"Android 1.6 ""Donut""",[630]
Sony Ericsson Xperia X8,Sony Ericsson,2010/06,"Android 1.6 ""Donut""",[631]
Sony Ericsson Xperia Play,Sony Ericsson,2011/04,"Android 2.3 ""Gingerbread""",[632]
Sony Ericsson Xperia pro,Sony Ericsson,2011/10,"Android 2.3 ""Gingerbread""",[633]
Sony Xperia Z,Sony Mobile,2013/02,"Android 4.1 ""Jelly Bean""",[634]
Sony Xperia Z Ultra,Sony Mobile,2013/09,"Android 4.1 ""Jelly Bean""",[635]
Sony Xperia Z1,Sony Mobile,2013/09,"Android 4.1 ""Jelly Bean""",[636]
Sony Xperia Z1 Compact,Sony Mobile,2014/02,"Android 4.1 ""Jelly Bean""",[637]
Sony Xperia Z2,Sony Mobile,2014/05,"Android 4.4 ""KitKat""",[638]
Sony Xperia Z3/Compact,Sony Mobile,2014/09,"Android 4.4 ""KitKat""",[639]
Sony Xperia Z4,Sony Mobile,2015/06,"Android 5.0 ""Lollipop""",[640]
Sony Xperia Z5/Compact,Sony Mobile,2015/10,"Android 5.0 ""Lollipop""",[641]
Sony Xperia Z5 Premium,Sony Mobile,2015/11,"Android 5.0 ""Lollipop""",[642]
Sony Xperia X/Performance,Sony Mobile,2016/02,"Android 6.0 ""Marshmallow""",[643]
Sony Xperia XA,Sony Mobile,2016/06,"Android 6.0 ""Marshmallow""",[644]
Sony Xperia XA Ultra,Sony Mobile,2016/07,"Android 6.0 ""Marshmallow""",[645]
Sony Xperia X Compact,Sony Mobile,2016/09,"Android 6.0 ""Marshmallow""",[646]
Sony Xperia XZ,Sony Mobile,2016/09,"Android 6.0 ""Marshmallow""",[647]
Sony Xperia XZs/Premium,Sony Mobile,2017/02,"Android 7.0 ""Nougat""",[648]
Sony Xperia XA1,Sony Mobile,2017/04,"Android 7.0 ""Nougat""",[649]
Sony Xperia XA1 Ultra,Sony Mobile,2017/05,"Android 7.0 ""Nougat""",[650]
Sony Xperia L1,Sony Mobile,2017/06,"Android 7.0 ""Nougat""",[651]
Sony Xperia XZ1/Compact,Sony Mobile,2017/08,"Android 8.0 ""Oreo""",[652]
Sony Xperia XA1 Plus,Sony Mobile,2017/10,"Android 7.0 ""Nougat""",[653]
Sony Xperia L2,Sony Mobile,2018/01,"Android 7.0 ""Nougat""",[654]
Sony Xperia XA2/Ultra,Sony Mobile,2018/02,"Android 8.0 ""Oreo""",[655][656]
Sony Xperia XZ2/Compact,Sony Mobile,2018/02,"Android 8.0 ""Oreo""",[657]
Sony Xperia XZ2 Premium,Sony Mobile,2018/04,"Android 8.0 ""Oreo""",[658]
Sony Xperia XZ3,Sony Mobile,2018/08,"Android 9.0 ""Pie""",[659]
Sony Xperia XA2 Plus,Sony Mobile,2018/09,"Android 8.0 ""Oreo""",[660]
Sony Xperia 10/Plus,Sony Mobile,2019/02,"Android 9.0 ""Pie""",[661][662]
Sony Xperia L3,Sony Mobile,2019/02,"Android 8.0 ""Oreo""",[663]
Sony Xperia 1,Sony Mobile,2019/05,"Android 9.0 ""Pie""",[664]
Sony Xperia 5,Sony Mobile,2019/09,"Android 9.0 ""Pie""",[665]
Sony Xperia 8,Sony Mobile,2019/10,"Android 9.0 ""Pie""",[666]
Sony Xperia L4,Sony Mobile,2020/04,"Android 9.0 ""Pie""",[667]
Sony Xperia 1 II,Sony Mobile,2020/05,Android 10,[668]
Sony Xperia 10 II,Sony Mobile,2020/05,Android 10,[669]
Sony Xperia 5 II,Sony Mobile,2020/10,Android 10,[670]

Model,Developer,Release date,Android version at release,Ref.
TCL Plex,TCL,2019/10,"Android 9.0 ""Pie""",[671]
TCL 10L,TCL,2020/05,Android 10,[672]
TCL 10 Pro,TCL,2020/05,Android 10,[673]
TCL 10 SE,TCL,2020/07,Android 10,[674]
TCL 10 5G,TCL,2020/07,Android 10,[675]
TCL 10 Plus,TCL,2020/09,Android 10,[676]
Tecno Phantom 6/Plus,Tecno Mobile,2016/09,"Android 6.0 ""Marshmallow""",[677][678]
Tecno Camon CX,Tecno Mobile,2017/03,"Android 7.0 ""Nougat""",[679]
Tecno Camon CX Air,Tecno Mobile,2017/04,"Android 7.0 ""Nougat""",[680]
Tecno Spark,Tecno Mobile,2017/05,"Android 7.0 ""Nougat""",[681]
Tecno Spark Plus,Tecno Mobile,2017/06,"Android 7.0 ""Nougat""",[682]
Tecno Phantom 8,Tecno Mobile,2017/09,"Android 7.0 ""Nougat""",[683]
Tecno Spark Pro,Tecno Mobile,2017/10,"Android 7.0 ""Nougat""",[684]
Tecno Camon CM,Tecno Mobile,2017/12,"Android 7.0 ""Nougat""",[685]
Tecno Spark CM,Tecno Mobile,2017/12,"Android 7.0 ""Nougat""",[686]
Tecno Camon X/Pro,Tecno Mobile,2018/03,"Android 8.0 ""Oreo""",[687][688]
Tecno Spark 2,Tecno Mobile,2018/06,"Android 8.0 ""Oreo""",[689]
Tecno Camon 11/Pro,Tecno Mobile,2018/09,"Android 8.0 ""Oreo""",[690][691]
Tecno Camon iACE2/2X,Tecno Mobile,2019/02,"Android 8.0 ""Oreo""",[692][693]
Tecno Spark 3/Pro,Tecno Mobile,2019/04,"Android 9.0 ""Pie""",[694][695]
Tecno Phantom 9,Tecno Mobile,2019/07,"Android 9.0 ""Pie""",[696]
Tecno Spark Go,Tecno Mobile,2019/08,"Android 9.0 ""Pie""",[697]
Tecno Spark 4/Air/Lite,Tecno Mobile,2016/08,"Android 9.0 ""Pie""",[698][699][700]
Tecno Camon 12,Tecno Mobile,2019/08,"Android 9.0 ""Pie""",[701]
Tecno Camon 12 Pro,Tecno Mobile,2019/09,"Android 9.0 ""Pie""",[702]
Tecno Camon 12 Air,Tecno Mobile,2019/10,"Android 9.0 ""Pie""",[703]
Tecno Camon 15/Pro,Tecno Mobile,2020/02,Android 10,[704][705]
Tecno Camon 15 Air/Premier,Tecno Mobile,2020/04,Android 10,[706][707]
Tecno Spark 5,Tecno Mobile,2020/05,Android 10,[708]
Tecno Spark 5 Air,Tecno Mobile,2020/05,Android 10,[709]
Tecno Spark 5 Pro,Tecno Mobile,2020/05,Android 10,[710]
Tecno Spark Power 2,Tecno Mobile,2020/06,Android 10,[711]

Model,Developer,Release date,Android version at release,Ref.
Vivo X1,Vivo,2012/11,"Android 4.1 ""Jelly Bean""",[712]
Vivo X3,Vivo,2013/08,"Android 4.1 ""Jelly Bean""",[713]
Vivo X3S,Vivo,2014/12,"Android 4.1 ""Jelly Bean""",[714]
Vivo X5/Max,Vivo,2014/12,"Android 4.4 ""KitKat""",[715][716]
Vivo X5Max+,Vivo,2015/03,"Android 4.4 ""KitKat""",[717]
Vivo X5Pro,Vivo,2015/05,"Android 5.0 ""Lollipop""",[718]
Vivo X5Max Platinum,Vivo,2015/06,"Android 4.4 ""KitKat""",[719]
Vivo X6/Plus,Vivo,2015/11,"Android 5.0 ""Lollipop""",[720][721]
Vivo X6S/Plus,Vivo,2016/03,"Android 5.0 ""Lollipop""",[722][723]
Vivo X7/Plus,Vivo,2016/07,"Android 5.0 ""Lollipop""",[724][725]
Vivo X9/Plus,Vivo,2016/07,"Android 6.0 ""Marshmallow""",[726][727]
Vivo X9s/Plus,Vivo,2017/07,"Android 7.0 ""Nougat""",[728][729]
Vivo X20/Plus,Vivo,2017/09,"Android 7.0 ""Nougat""",[730][731]
Vivo X20 Plus UD,Vivo,2018/01,"Android 7.0 ""Nougat""",[732]
Vivo X21/UD,Vivo,2018/03,"Android 8.0 ""Oreo""",[733][734]
Vivo V9,Vivo,2018/04,"Android 8.0 ""Oreo""",[735]
Vivo X21i,Vivo,2018/05,"Android 8.0 ""Oreo""",[736]
Vivo NEX,Vivo,2018/06,"Android 8.0 ""Oreo""",[737]
Vivo X23,Vivo,2018/09,"Android 8.0 ""Oreo""",[738]
Vivo NEX Dual Display,Vivo,2018/12,"Android 9.0 ""Pie""",[739]
Vivo X27/Pro,Vivo,2019/03,"Android 9.0 ""Pie""",[740][741]
Vivo NEX 3,Vivo,2019/09,"Android 9.0 ""Pie""",[742][743]
Vivo X30/Pro,Vivo,2019/12,"Android 9.0 ""Pie""",[744][745]
Vivo NEX 3S,Vivo,2020/03,Android 10,[746]
Vivo X50 Lite,Vivo,2020/05,Android 10,[747]
Vivo X50/Pro/Pro+,Vivo,2020/06,Android 10,[748][749][750]

Model,Developer,Release date,Android version at release,Ref.
Xiaomi Mi 1,Xiaomi,2011/12,"Android 2.3 ""Gingerbread""",[751]
Xiaomi Mi 1S,Xiaomi,2012/08,"Android 4.0 ""Ice Cream Sandwich""",[752]
Xiaomi Mi 2,Xiaomi,2012/10,"Android 4.1 ""Jelly Bean""",[753]
Xiaomi Mi 2S/A,Xiaomi,2013/04,"Android 4.1 ""Jelly Bean""",[754][755]
Xiaomi Mi 3/3 TD,Xiaomi,2013/12,"Android 4.1 ""Jelly Bean""",[756]
Xiaomi Mi 4,Xiaomi,2014/08,"Android 4.4 ""KitKat""",[757]
Xiaomi Mi Note,Xiaomi,2015/01,"Android 4.4 ""KitKat""",[758]
Xiaomi Mi Note Pro,Xiaomi,2015/05,"Android 5.0 ""Lollipop""",[759]
Xiaomi Mi 4i,Xiaomi,2015/04,"Android 5.0 ""Lollipop""",[760]
Xiaomi Mi 4c,Xiaomi,2015/09,"Android 5.0 ""Lollipop""",[761]
Xiaomi Mi 4S,Xiaomi,2016/03,"Android 5.0 ""Lollipop""",[762]
Xiaomi Mi 5,Xiaomi,2016/04,"Android 6.0 ""Marshmallow""",[763]
Xiaomi Mi Max/Pro,Xiaomi,2016/05,"Android 6.0 ""Marshmallow""",[764]
Xiaomi Mi 5s/5s Plus,Xiaomi,2016/10,"Android 6.0 ""Marshmallow""",[765][766]
Xiaomi Mi Note 2,Xiaomi,2016/11,"Android 6.0 ""Marshmallow""",[767]
Xiaomi Mi MIX,Xiaomi,2016/11,"Android 6.0 ""Marshmallow""",[768]
Xiaomi Mi 5c,Xiaomi,2017/03,"Android 6.0 ""Marshmallow""",[769]
Xiaomi Mi 6,Xiaomi,2017/04,"Android 7.0 ""Nougat""",[770]
Xiaomi Mi Max 2,Xiaomi,2017/06,"Android 7.0 ""Nougat""",[771]
Xiaomi Mi 5X/Mi A1,Xiaomi,2017/08,"Android 7.0 ""Nougat""",[772]
Xiaomi Mi Note 3,Xiaomi,2017/09,"Android 7.0 ""Nougat""",[773]
Xiaomi Mi MIX 2,Xiaomi,2017/09,"Android 7.0 ""Nougat""",[774]
Xiaomi Mi MIX 2S,Xiaomi,2018/04,"Android 8.0 ""Oreo""",[775]
Xiaomi Mi 6X/Mi A2,Xiaomi,2018/04,"Android 8.0 ""Oreo""",[776]
Xiaomi Black Shark,Xiaomi,2018/04,"Android 8.0 ""Oreo""",[777]
Xiaomi Mi 8/SE/EE,Xiaomi,2018/06,"Android 8.0 ""Oreo""",[778][779][780]
Xiaomi Mi Max 3,Xiaomi,2018/07,"Android 8.0 ""Oreo""",[781]
Xiaomi Pocophone F1,Xiaomi,2018/08,"Android 8.0 ""Oreo""",[782]
Xiaomi Mi 8 Pro/Lite,Xiaomi,2018/09,"Android 8.0 ""Oreo""",[783][784]
Xiaomi Mi MIX 3,Xiaomi,2018/11,"Android 9.0 ""Pie""",[785]
Xiaomi Black Shark Helo,Xiaomi,2018/11,"Android 8.0 ""Oreo""",[786]
Xiaomi Mi Play,Xiaomi,2018/12,"Android 8.0 ""Oreo""",[787]
Xiaomi Mi 9/SE,Xiaomi,2019/03,"Android 9.0 ""Pie""",[788][789]
Xiaomi Black Shark 2,Xiaomi,2019/03,"Android 9.0 ""Pie""",[790]
Xiaomi Mi MIX 3 5G,Xiaomi,2019/05,"Android 9.0 ""Pie""",[791]
Xiaomi Mi 9T,Xiaomi,2019/06,"Android 9.0 ""Pie""",[792]
Xiaomi Mi A3,Xiaomi,2019/07,"Android 9.0 ""Pie""",[793]
Xiaomi Mi 9T Pro,Xiaomi,2019/08,"Android 9.0 ""Pie""",[794]
Xiaomi Black Shark 2 Pro,Xiaomi,2019/08,"Android 9.0 ""Pie""",[795]
Xiaomi Mi 9 Lite,Xiaomi,2019/09,"Android 9.0 ""Pie""",[796]
Xiaomi Mi 9 Pro/Pro 5G,Xiaomi,2019/09,Android 10,[797][798]
Xiaomi Mi Note 10/Pro,Xiaomi,2019/11,"Android 9.0 ""Pie""",[799][800]
Xiaomi Mi 10/Pro,Xiaomi,2020/02,Android 10,[801][802]
Xiaomi Black Shark 3/Pro,Xiaomi,2020/03,Android 10,[803][804]
Xiaomi Mi 10 Lite,Xiaomi,2020/05,Android 10,[805]
Xiaomi Mi 10 Youth,Xiaomi,2020/05,Android 10,[806]
Xiaomi Mi Note 10 Lite,Xiaomi,2020/05,Android 10,[807]
POCO M2 Pro,Xiaomi,2020/07,Android 10,[808]
Xiaomi Mi 10 Ultra,Xiaomi,2020/08,Android 10,[809]
POCO X3 NFC,Xiaomi,2020/09,Android 10,[810]
POCO M2,Xiaomi,2020/09,Android 10,[811]
POCO X3,Xiaomi,2020/09,Android 10,[812]

Model,Developer,Release date,Android version at release,Ref.
ZTE Racer,ZTE,2010/07,"Android 2.0 ""Eclair""",[813]
ZTE Blade,ZTE,2010/11,"Android 2.0 ""Eclair""",[814]
ZTE Libra,ZTE,2011/09,"Android 2.0 ""Eclair""",[815]
ZTE Racer II,ZTE,2011/09,"Android 2.2 ""Froyo""",[816]
ZTE Blade II V880+,ZTE,2012/03,"Android 2.3 ""Gingerbread""",[817]
ZTE Blade III,ZTE,2012/09,"Android 4.0 ""Ice Cream Sandwich""",[818]
Nubia Z5,ZTE,2012/12,"Android 4.1 ""Jelly Bean""",[819]
ZTE Blade III Pro,ZTE,2013/04,"Android 4.1 ""Jelly Bean""",[820]
ZTE Blade G V880G,ZTE,2013/04,"Android 4.1 ""Jelly Bean""",[821]
ZTE Blade G2,ZTE,2013/07,"Android 4.1 ""Jelly Bean""",[822]
ZTE Blade V,ZTE,2013/09,"Android 4.1 ""Jelly Bean""",[823]
ZTE Blade Q/Maxi/Mini,ZTE,2013/10,"Android 4.1 ""Jelly Bean""",[824][825][826]
Nubia Z5S,ZTE,2013/12,"Android 4.1 ""Jelly Bean""",[827]
Nubia Z5S mini NX403A,ZTE,2013/12,"Android 4.1 ""Jelly Bean""",[828]
Nubia X6,ZTE,2014/03,"Android 4.1 ""Jelly Bean""",[829]
ZTE Blade L2,ZTE,2014/05,"Android 4.1 ""Jelly Bean""",[830]
Nubia Z7/Max/mini,ZTE,2014/07,"Android 4.4 ""KitKat""",[831][832][833]
Nubia Z5S mini NX405H,ZTE,2014/08,"Android 4.1 ""Jelly Bean""",[834]
ZTE Blade Vec 3G/4G,ZTE,2014/11,"Android 4.4 ""KitKat""",[835][836]
ZTE Blade S6,ZTE,2015/02,"Android 5.0 ""Lollipop""",[837]
ZTE Blade G/Lux,ZTE,2015/02,"Android 4.4 ""KitKat""",[838][839]
ZTE Blade L3,ZTE,2015/02,"Android 5.0 ""Lollipop""",[840]
ZTE Blade L3 Plus,ZTE,2015/03,"Android 4.4 ""KitKat""",[841]
Nubia Z9 Max,ZTE,2015/04,"Android 5.0 ""Lollipop""",[842]
Nubia Z9 mini,ZTE,2015/04,"Android 5.0 ""Lollipop""",[843]
ZTE Blade S6 Plus,ZTE,2015/04,"Android 5.0 ""Lollipop""",[844]
Nubia Z9,ZTE,2015/05,"Android 5.0 ""Lollipop""",[845]
Nubia My Prague,ZTE,2015/06,"Android 5.0 ""Lollipop""",[846]
ZTE Blade Qlux 4G,ZTE,2015/06,"Android 4.4 ""KitKat""",[847]
ZTE Blade Q Pro,ZTE,2015,"Android 5.0 ""Lollipop""",[848]
ZTE Blade Apex 3,ZTE,2015/06,"Android 4.4 ""KitKat""",[849]
ZTE Blade A410,ZTE,2015/06,"Android 5.0 ""Lollipop""",[850]
ZTE Blade A460,ZTE,2015/06,"Android 5.0 ""Lollipop""",[851]
ZTE Axon Pro/Lux,ZTE,2015/07,"Android 5.0 ""Lollipop""",[852][853]
ZTE Blade D6,ZTE,2015/07,"Android 5.0 ""Lollipop""",[854]
ZTE Axon Elite,ZTE,2015/09,"Android 5.0 ""Lollipop""",[855]
ZTE Axon mini,ZTE,2015/10,"Android 5.0 ""Lollipop""",[856]
ZTE Blade S7,ZTE,2015/10,"Android 5.0 ""Lollipop""",[857]
ZTE Axon,ZTE,2015/10,"Android 5.0 ""Lollipop""",[858]
ZTE Blade X3/5/9,ZTE,2015/11,"Android 5.0 ""Lollipop""",[859][860][861]
ZTE Axon Max,ZTE,2015/12,"Android 5.0 ""Lollipop""",[862]
Nubia Prague S,ZTE,2016/01,"Android 5.0 ""Lollipop""",[863]
ZTE Blade V7/Lite,ZTE,2016/02,"Android 5.0 ""Lollipop""",[864][865]
Nubia Z11 mini,ZTE,2016/04,"Android 5.0 ""Lollipop""",[866]
ZTE Axon 7,ZTE,2016/05,"Android 6.0 ""Marshmallow""",[867]
Nubia Z11 Max,ZTE,2016/06,"Android 5.0 ""Lollipop""",[868]
Nubia Z11,ZTE,2016/06,"Android 6.0 ""Marshmallow""",[869]
Nubia N1,ZTE,2016/07,"Android 6.0 ""Marshmallow""",[870]
ZTE Axon 7 mini,ZTE,2016/09,"Android 6.0 ""Marshmallow""",[871]
Nubia Z11 mini S,ZTE,2016/10,"Android 6.0 ""Marshmallow""",[872]
ZTE Axon 7 Max,ZTE,2016/10,"Android 6.0 ""Marshmallow""",[873]
Nubia M2/lite,ZTE,2017/03,"Android 6.0 ""Marshmallow""",[874][875]
Nubia N2,ZTE,2017/03,"Android 6.0 ""Marshmallow""",[876]
Nubia N1 lite,ZTE,2017/04,"Android 6.0 ""Marshmallow""",[877]
Nubia Z17 mini,ZTE,2017/04,"Android 6.0 ""Marshmallow""",[878]
ZTE Axon 7s,ZTE,2017/04,"Android 7.0 ""Nougat""",[879]
Nubia Z17,ZTE,2017/06,"Android 7.0 ""Nougat""",[880]
ZTE Maven 2,ZTE,2017/07,"Android 6.0 ""Marshmallow""",[881]
Nubia Z17 lite,ZTE,2017/08,"Android 7.0 ""Nougat""",[882]
ZTE Blade A6,ZTE,2017/08,"Android 7.0 ""Nougat""",[883]
Nubia Z17 miniS,ZTE,2017/10,"Android 7.0 ""Nougat""",[884]
Nubia Z17s,ZTE,2017/10,"Android 7.0 ""Nougat""",[885]
ZTE Axon M,ZTE,2017/10,"Android 7.0 ""Nougat""",[886]
ZTE Blade X,ZTE,2017/10,"Android 7.0 ""Nougat""",[887]
ZTE Blade A3,ZTE,2017/11,"Android 7.0 ""Nougat""",[888]
ZTE Tempo Go,ZTE,2018/02,"Android 8.0 ""Oreo""",[889]
ZTE Blade V9/Vita,ZTE,2018/02,"Android 8.0 ""Oreo""",[890][891]
Nubia N3,ZTE,2018/03,"Android 7.0 ""Nougat""",[892]
Nubia V18,ZTE,2018/03,"Android 7.0 ""Nougat""",[893]
Nubia Z18 mini,ZTE,2018/04,"Android 8.0 ""Oreo""",[894]
Nubia Red Magic,ZTE,2018/04,"Android 8.0 ""Oreo""",[895]
ZTE Axon 9 Pro,ZTE,2018/08,"Android 8.0 ""Oreo""",[896]
Nubia Z18,ZTE,2018/09,"Android 8.0 ""Oreo""",[897]
Nubia X,ZTE,2018/11,"Android 8.0 ""Oreo""",[898]
ZTE Blade A7 Vita,ZTE,2018/12,"Android 8.0 ""Oreo""",[899]
Nubia Red Magic Mars,ZTE,2018/12,"Android 9.0 ""Pie""",[900]
ZTE Blade V10/Vita,ZTE,2019/02,"Android 9.0 ""Pie""",[901][902]
ZTE Axon 10 Pro/5G,ZTE,2019/02,"Android 9.0 ""Pie""",[903][904]
ZTE Blade L8,ZTE,2019/04,"Android 9.0 ""Pie""",[905]
ZTE Blade A3 (2019),ZTE,2019/04,"Android 9.0 ""Pie""",[906]
ZTE Blade A7,ZTE,2019/05,"Android 9.0 ""Pie""",[907]
ZTE Blade A5 (2019),ZTE,2019/05,"Android 9.0 ""Pie""",[908]
Nubia Red Magic 3,ZTE,2019/05,"Android 9.0 ""Pie""",[909]
Nubia Z20,ZTE,2019/08,"Android 9.0 ""Pie""",[910]
Nubia Red Magic 3s,ZTE,2019/09,"Android 9.0 ""Pie""",[911]
ZTE Blade A20,ZTE,2019/10,"Android 9.0 ""Pie""",[912]
ZTE Blade 10 Prime,ZTE,2019/11,"Android 9.0 ""Pie""",[913]
ZTE Blade A7 Prime,ZTE,2019/11,"Android 9.0 ""Pie""",[914]
ZTE Blade Max View,ZTE,2019/11,"Android 7.0 ""Nougat""",[915]
ZTE Axon 10s Pro 5G,ZTE,2020/02,Android 10,[916]
Nubia Red Magic 5G,ZTE,2020/03,Android 10,[917]
ZTE Axon 11 4G/5G,ZTE,2020/03,Android 10,[918][919]
Nubia Play,ZTE,2020/06,Android 10,[920]
ZTE Axon 11 SE 5G,ZTE,2020/06,Android 10,[921]
Nubia Red Magic 5G Lite,ZTE,2020/06,Android 10,[922]
Nubia Red Magic 5S,ZTE,2020/08,Android 10,[923]
ZTE Axon 20 5G,ZTE,2020/09,Android 10,[924]
